Numeric Value,Category Name,Sub
0,Молоко пастеризованное,1_1_1
1,Молоко ультрапастеризованное,1_1_2
2,Молоко стерилизованное,1_1_3
3,Молоко топленое,1_1_4
4,Молоко козье,1_1_5
5,Сливки пастеризованные,1_1_6
6,Сливки ультрапастеризованные,1_1_7
7,Сливки стерилизованные,1_1_8
8,Сливки взбитые,1_1_9
9,Сыр плавленый,1_10_1
10,Сыр плавленый шоколадный,1_10_2
11,Сыр Колбасный (копченый),1_10_3
12,Сырные палочки и фондю,1_10_4
13,Сыр творожный,1_10_5
14,Сыр с ЗМЖ,1_11_1
15,Суп молочный с макаронами,1_12_1
16,Суп молочный с рисом,1_12_2
17,Запеканка из творога,1_12_3
18,Сырники из творога,1_12_5
19,Сырники с морковью,1_12_6
20,Салат сырный,1_12_8
21,Суп сырный,1_12_9
22,Пудинг из творога,1_12_4
23,Вареники,1_12_7
24,Молочные десерты (пудинг и др),1_13_1
25,Продукты с бифидобактериями,1_13_2
26,Молокосодержащий продукт Сметана СЗМЖ,1_13_3
27,Молокосодержащий продукт СЗМЖ,1_13_4
28,Напитки с добавлением молока,1_13_5
29,Напитки с молочной сывороткой,1_13_6
30,Кефир,1_2_1
31,Ряженка,1_2_4
32,Варенец,1_2_5
33,Йогурт натуральный,1_2_6
34,Йогуртный продукт,1_2_7
35,Напиток кисломолочный с добавками ,1_2_8
36,Сметана,1_2_9
37,Кумыс из кобыльего молока,1_2_11
38,Тан,1_2_14
39,Айран,1_2_15
40,Простокваша,1_2_2
41,Ацидофилин,1_2_3
42,Кумыс из коровьего молока,1_2_10
43,Пахта,1_2_12
44,Мацони,1_2_13
45,Творог,1_3_1
46,Творог зерненый,1_3_2
47,Творог мягкий,1_3_3
48,Творог мягкий плодово-ягодный,1_3_4
49,Творожный продукт с ЗМЖ,1_3_5
50,Масса творожная сладкая,1_3_6
51,Масса творожная сладкая с изюмом,1_3_7
52,Масса творожная сладкая с фруктами, ягодами или др. добавками,1_3_8
53,Сырок творожный глазированный,1_3_9
54,Молоко сгущенное,1_4_1
55,Молоко сгущенное с сахаром,1_4_2
56,Молокосодержащий продукт сгущенный с сахаром с ЗМЖ,1_4_3
57,Молоко сухое цельное,1_4_4
58,Сливки сгущенные с сахаром,1_4_5
59,Сливки сухие,1_4_6
60,Мороженое Молочное,1_5_1
61,Мороженое Молочное крем-брюле,1_5_2
62,Мороженое Молочное шоколадное,1_5_3
63,Мороженое Молочное с плодами и ягодами,1_5_4
64,Мороженое Молочное в шоколадной глазури,1_5_5
65,Мороженое Сливочное,1_5_6
66,Мороженое Сливочное крем-брюле,1_5_7
67,Мороженое Сливочное шоколадное,1_5_8
68,Мороженое Сливочное с плодами и ягодами,1_5_9
69,Мороженое Сливочное в шоколадной глазури,1_5_10
70,Пломбир,1_5_11
71,Пломбир крем-брюле,1_5_12
72,Пломбир шоколадный,1_5_13
73,Пломбир с плодами и ягодами,1_5_14
74,Пломбир в шоколадной глазури,1_5_15
75,Мороженое с ЗМЖ,1_5_16
76,Щербет фруктовый,1_5_17
77,Фруктовый лед,1_5_18
78,Сыр твердый,1_6_1
79,Сыр Российский,1_6_2
80,Сыр Голландский,1_6_3
81,Сыр Швейцарский,1_6_4
82,Сыр Чеддер,1_6_5
83,Пошехонский,1_6_6
84,Сыр Угличский,1_6_7
85,Сыр Советский,1_6_8
86,Сыр Костромской,1_6_9
87,Сыр полутвердый,1_7_1
88,Сыр ассорти,1_7_2
89,Сыр мягкий,1_8_1
90,Сыр Камамбер,1_8_2
91,Сыр Адыгейский,1_8_3
92,Сыр сливочный (Маскарпоне, Филадельфия и др),1_8_4
93,Сыр рассольный,1_9_1
94,Брынза ,1_9_2
95,Сулугуни,1_9_3
96,Чанах,1_9_4
97,Моцарелла,1_9_5
98,Яйцо целое,2_1_1
99,Яйцо отварное,2_1_2
100,Яичница  глазунья,2_1_3
101,Яйцо под майонезом,2_1_4
102,Салат яичный,2_1_5
103,Омлет,2_1_6
104,Меланж,2_2_1
105,Яичный порошок,2_2_2
106,Омлет из яичного порошка,2_2_3
107,БЕЛОК яичный (не сухой),2_3_1
108,Белок яичный сухой,2_3_2
109,Желток (не сухой),2_4_1
110,Желток сухой,2_4_2
111,Яйцо перепелиное целое,2_5_1
112,Бараний окорок,3_1_1_18
113,Баранина,3_1_1_17
114,Вырезка говяжья,3_1_1_2
115,Вырезка свиная,3_1_1_10
116,Говядина,3_1_1_1
117,Говядина духовая,3_1_1_4
118,Говядина тазобедренная часть,3_1_1_5
119,Говядина, лопатка,3_1_1_6
120,Конина,3_1_1_19
121,Корейка говяжья,3_1_1_7
122,Корейка свиная бескостная,3_1_1_13
123,Корейка свиная на кости,3_1_1_14
124,Крольчатина,3_1_1_20
125,Ребра свиные,3_1_1_16
126,Свинина мясная,3_1_1_9
127,Свиной окорок,3_1_1_12
128,Суповой набор,3_1_1_21
129,Телятина,3_1_1_8
130,Шейка свиная,3_1_1_11
131,Шейная часть говяжья,3_1_1_3
132,Поросята,3_1_1_15
133,Бедро индейки,3_1_2_9
134,Бройлеры (цыплята),3_1_2_2
135,Голень индейки,3_1_2_10
136,Индейки,3_1_2_7
137,Крылья индейки,3_1_2_11
138,Куриные бедра,3_1_2_4
139,Куриные грудки (филе),3_1_2_3
140,Куриные крылья и голень,3_1_2_6
141,Куриные окорочка (бедро и голень),3_1_2_5
142,Куры,3_1_2_1 
143,Утки,3_1_2_12
144,Филе индейки,3_1_2_8
145,Гуси,3_1_2_13
146,Перепела,3_1_2_14
147,Гематоген батончики,3_2_1_7
148,Печень говяжья,3_2_1_1
149,Почки говяжьи,3_2_1_4
150,Сердце говяжье,3_2_1_2
151,Уши, щеки, баки говяжьи,3_2_1_6
152,Язык говяжий,3_2_1_3
153,Мозги говяжьи,3_2_1_5
154,Печень свиная,3_2_2_1
155,Почки свиные,3_2_2_4
156,Сердце свиное,3_2_2_2
157,Уши, щеки, баки свиные,3_2_2_6
158,Язык свиной,3_2_2_3
159,Мозги свиные,3_2_2_5
160,Желудки куриные,3_2_3_3
161,Куриные головы,3_2_3_5
162,Шея птиц,3_2_3_4
163,Печень птицы,3_2_3_1
164,Сердца куриные,3_2_3_2
165,Говядина тушеная консерв.,3_3_1_1
166,Паштет мясной,3_3_1_4
167,Паштет печеночный консерв.,3_3_1_3
168,Свинина тушеная консерв.,3_3_1_2
169,Язык говяжий в желе,3_3_1_5
170,Курица в собственном соку консерв.,3_3_2_1
171,Азу,3_4_1_6
172,Антрекот,3_4_1_3
173,Бефстроганов,3_4_1_7
174,Биточки,3_4_1_22
175,Бифштекс,3_4_1_12
176,Бифштекс рубленый,3_4_1_13
177,Бифштекс с яйцом,3_4_1_14
178,Бургер,3_4_1_23
179,Говядина тушеная,3_4_1_4
180,Говядина отварная,3_4_1_5
181,Гуляш говяжий,3_4_1_10
182,Жаркое по-домашнем,3_4_1_11
183,Котлеты рубленые,3_4_1_18
184,Люля-кебаб из говядины,3_4_1_19
185,Окрошка мясная,3_4_1_26
186,Поджарка говяжья,3_4_1_8
187,Рагу из говядины,3_4_1_9
188,Ромштекс,3_4_1_15
189,Рулет мясной с луком и яйцом,3_4_1_24
190,Солянка сборная мясная,3_4_1_25
191,Стейк из говядины,3_4_1_2
192,Суп на густом мясном бульоне,3_4_1_29
193,Суп с фрикадельками,3_4_1_27
194,Суп Фо Бо,3_4_1_28
195,Тефтели,3_4_1_21
196,Фарш из говядины,3_4_1_1
197,Фрикадельки,3_4_1_20
198,Шницель отбивной,3_4_1_17
199,Шницель говяжий рубленый,3_4_1_16
200,Гуляш из свинины,3_4_2_7
201,Котлеты свиные отбивные,3_4_2_8
202,Котлеты свиные рубленые,3_4_2_9
203,Купаты и колбаски для жарки,3_4_2_12
204,Свинина жареная,3_4_2_3
205,Свинина жареная на гриле или углях,3_4_2_4
206,Свинина тушеная,3_4_2_6
207,Фарш домашний,3_4_2_2
208,Фарш из свинины,3_4_2_1
209,Шницель свиной отбивной,3_4_2_10
210,Шницель свиной рубленый,3_4_2_11
211,Эскалоп свиной,3_4_2_5
212,Баранина жареная,3_4_3_1
213,Котлеты из баранины,3_4_3_2
214,Суп с бараниной,3_4_3_3
215,Оладьи из говяжьей печени,3_4_4_4
216,Паштет из говяжьей печени,3_4_4_3
217,Печень говяжья жареная,3_4_4_1
218,Печень говяжья тушенная,3_4_4_2
219,Сердце говяжье тушенное,3_4_4_5
220,Язык говяжий отварной,3_4_4_6
221,Кролик жареный,3_4_5_1
222,Рагу из кролика,3_4_5_3
223,Мясо кролика,3_4_5_2
224,Салат мясной,3_4_6_3
225,Салат с колбасой или ветчиной,3_4_6_4
226,Холодец, мясо заливное,3_4_6_2
227,Шашлык ассорти,3_4_6_1
228,Биточки куриные,3_5_1_14
229,Биточки куриные паровые,3_5_1_15
230,Бульон куриный,3_5_1_21
231,Бульон куриный с яйцом,3_5_1_22
232,Котлеты куриные,3_5_1_10
233,Котлеты по Киевски,3_5_1_11
234,Колбаски и купаты для жарки из мяса птицы,3_5_1_20
235,Куриные окорочка кулинарно обработанные,3_5_1_16
236,Курица отварная,3_5_1_6
237,Курица жареная на гриле или углях,3_5_1_3
238,Курица жареная,3_5_1_2
239,Курица с сыром,3_5_1_17
240,Курица тушенная с овощами,3_5_1_5
241,Мясо птицы с рисом,3_5_1_18
242,Печень и сердце куриные жареные,3_5_1_19
243,Рагу из кур,3_5_1_7
244,Рулет из мяса птицы,3_5_1_9
245,Салат с курицей,3_5_1_24
246,Салат Цезарь с курицей,3_5_1_25
247,Суп куриный с макаронными изделиями,3_5_1_23
248,Фарш из мяса кур,3_5_1_1
249,Фрикадельки куриные,3_5_1_13
250,Цыплята жаренные табака,3_5_1_4
251,Чахохбили,3_5_1_8
252,Шницель куриный,3_5_1_12
253,Индейка жареная,3_5_2_1
254,Фарш из мяса индейки ,3_5_2_3
255,Котлеты  из индейки,3_5_2_2
256,Утка жареная,3_5_3_1
257,Котлеты из мяса птицы,3_5_4_3
258,Паштет из мяса или печени птицы,3_5_4_1
259,Филе птицы запеченное с овощами,3_5_4_2
260,Колбаса вареная ассорти,3_6_1_9
261,Колбаса Говяжья,3_6_1_7
262,Колбаса Докторская,3_6_1_1
263,Колбаса ливерная,3_6_1_8
264,Колбаса Любительская,3_6_1_5
265,Колбаса Молочная,3_6_1_2
266,Колбаса Русская,3_6_1_6
267,Колбаса Телячья,3_6_1_3
268,Колбаса Чайная,3_6_1_4
269,Пироги с мясом птицы ,3_6_10_5
270,Пельмени,3_6_10_1
271,Пироги с мясом птицы и грибами,3_6_10_6
272,Пирожки с мясным фаршем и луком,3_6_10_2
273,Пирожки с печенью,3_6_10_4
274,Расстегаи с мясом,3_6_10_3
275,Чебуреки с мясом,3_6_10_7
276,Бутерброд с колбасой,3_6_11_2
277,Бутерброд разный,3_6_11_3
278,Бутерброд с мясом,3_6_11_1
279,Сардельки говяжьи,3_6_2_1
280,Шпикачки,3_6_2_2
281,Сосиски говяжьи,3_6_3_1
282,Сосиски ветчинные,3_6_3_4
283,Сосиски Молочные,3_6_3_2
284,Сосиски разные,3_6_3_5
285,Сосиски Столичные,3_6_3_3
286,Зельц,3_6_4_1
287,Мясной Хлеб,3_6_4_2
288,Колбаса варено-копченая ассорти,3_6_5_4
289,Колбаса Московская варено-копченая,3_6_5_3
290,Колбаса Салями варено-копченая,3_6_5_2
291,Колбаса Сервелат варено-копченая,3_6_5_1
292,Колбаса Краковская полукопченая,3_6_6_3
293,Колбаса полукопченая ассорти,3_6_6_4
294,Колбаса Салями полукопченая,3_6_6_2
295,Колбаса Сервелат полукопченая,3_6_6_1
296,Колбаса Брауншвейгская сырокопченая,3_6_7_4
297,Колбаса Зернистая сырокопченая,3_6_7_3
298,Колбаса Салями сырокопченая,3_6_7_2
299,Колбаса Сервелат сырокопченая,3_6_7_1
300,Колбаса сырокопченая ассорти,3_6_7_6
301,Колбаса сырокопченая Пепперони,3_6_7_5
302,Балык свиной,3_6_8_4
303,Бекон сырокопченый,3_6_8_5
304,Буженина,3_6_8_1
305,Ветчина,3_6_8_2
306,Грудинка копчено-запечёная,3_6_8_8
307,Грудинка варено-копченая,3_6_8_9
308,Грудинка сырокопченая,3_6_8_10
309,Карбонад,3_6_8_3
310,Корёйка копчёно-запеченная,3_6_8_11
311,Корейка сырокопченая,3_6_8_12
312,Окорок тамбовский варёный,3_6_8_6
313,Окорок свиной копченый,3_6_8_7
314,Ветчина говяжья,3_6_9_1
315,Бутерброд  с  сельдью ,4_1_28
316,Иваси,4_1_26
317,Иваси консервы,4_1_27
318,Килька  балтийская ,4_1_1
319,Килька  балтийская  солёная ,4_1_3
320,Килька обжареная. Консервы,4_1_8
321,Салака горячего копчения ,4_1_11
322,Салат сельдь под шубой,4_1_23
323,Сардина,4_1_24
324,Сардина консервы,4_1_25
325,Сельдь  атлантическая  среднесолёная ,4_1_14
326,Сельдь  с  луком ,4_1_21
327,Сельдь  тихоокеанская  нежирная ,4_1_16
328,Сельдь атлантическая нежирная ,4_1_13
329,Сельдь копченная,4_1_19
330,Сельдь с картофелем,4_1_20
331,Сельдь тихоокеанская жирная ,4_1_15
332,Сельдь тихоокеанская среднесоленая ,4_1_17
333,Сельдь филе кусочки. Консервы,4_1_18
334,Шпроты в масле. Консервы ,4_1_9
335,Килька  балтийская ,4_1_1_1
336,Килька балтийская горячего копчения ,4_1_1_2
337,Килька  балтийская  солёная ,4_1_1_3
338,Килька соленая с луком и маслом,4_1_1_4
339,Килька  солёная  с  картофелём  и  маслом ,4_1_1_5
340,Бутерброд с килькой и яйцом,4_1_1_6
341,Килька  каспийская ,4_1_1_7
342,Килька обжареная. Консервы,4_1_1_8
343,Шпроты в масле. Консервы ,4_1_1_9
344,Салака ,4_1_1_10
345,Салака горячего копчения ,4_1_1_11
346,Сельдь  атлантическая  жирная ,4_1_1_12
347,Сельдь атлантическая нежирная ,4_1_1_13
348,Сельдь  атлантическая  среднесолёная ,4_1_1_14
349,Сельдь тихоокеанская жирная ,4_1_1_15
350,Сельдь  тихоокеанская  нежирная ,4_1_1_16
351,Сельдь тихоокеанская среднесоленая ,4_1_1_17
352,Сельдь филе кусочки. Консервы,4_1_1_18
353,Сельдь копченная,4_1_1_19
354,Сельдь с картофелем,4_1_1_20
355,Сельдь  с  луком ,4_1_1_21
356,Сельдь рубленая ,4_1_1_22
357,Салат сельдь под шубой,4_1_1_23
358,Сардина,4_1_1_24
359,Сардина консервы,4_1_1_25
360,Иваси,4_1_1_26
361,Иваси консервы,4_1_1_27
362,Бутерброд  с  сельдью ,4_1_1_28
363,Тунец  ,4_1_10_1
364,Тунец натуральный. Консервы   ,4_1_10_2
365,Тунец  в  масле.  Консервы  ,4_1_10_3
366,Зубатка  пёстрая  ,4_1_11_1
367,Зубатка отварная,4_1_11_2
368,Зубатка жареная,4_1_11_3
369,Зубатка, запеченная в сметанном соусе,4_1_11_4
370,Мойва весенняя  ,4_1_12_1
371,Мойва осенняя  ,4_1_12_2
372,Мойва сезонная,4_1_12_3
373,Мойва жареная,4_1_12_4
374,Мойва холодного копчения,4_1_12_5
375,Пеламида  ,4_1_13_1
376,Сом  ,4_1_13_2
377,Сом -  припущенный,4_1_13_3
378,Сом в томатном соусе. Консервы   ,4_1_13_4
379,Угорь   ,4_1_13_5
380,Кефаль,4_1_13_6
381,Щука  ,4_1_13_7
382,Щука  отварная ,4_1_13_8
383,Щука припущенная,4_1_13_9
384,Щука фаршированная,4_1_13_10
385,Щука в томатном соусе. Консервы   ,4_1_13_11
386,Сайра,4_1_13_12
387,Сайра. Консервы,4_1_13_13
388,Анчоус в т.ч. хамса,4_1_13_14
389,Скумбрия атлантическая ,4_1_2_1
390,Скумбрия холодного копчения ,4_1_2_2
391,Скумбрия  натуральная.  Консервы ,4_1_2_3
392,Скумбрия  в  масле.  Консервы ,4_1_2_4
393,Скумбрия  дальневосточная ,4_1_2_5
394,Скумбрия  курильская  натуральная.  Консервы ,4_1_2_6
395,Ставрида  океаническая ,4_1_3_1
396,Ставрида  отварная ,4_1_3_2
397,Ставрида  припущенная ,4_1_3_3
398,Ставрида жареная,4_1_3_4
399,Желтый полосатик сушенный,4_1_3_5
400,Минтай ,4_1_4_1
401,Минтай припущенный,4_1_4_2
402,Фрикадельки  из  минтая ,4_1_4_3
403,Навага ,4_1_4_4
404,Навага  жареная ,4_1_4_5
405,Пикша ,4_1_4_6
406,Путассу ,4_1_4_7
407,Треска  ,4_1_4_8
408,Треска  отварная ,4_1_4_9
409,Треска  припущенная ,4_1_4_10
410,Треска  тушёная ,4_1_4_11
411,Треска  запеченная ,4_1_4_12
412,Котлеты  рыбные,4_1_4_13
413,Котлеты  из  трески ,4_1_4_14
414,Галки  из  трески ,4_1_4_15
415,Треска жареная,4_1_4_16
416,Солянка рыбная,4_1_4_17
417,Треска соленая   ,4_1_4_18
418,Треска горячего копчения   ,4_1_4_19
419,Навага. Консервы  ,4_1_4_20
420,Треска копченая в масле. Консервы   ,4_1_4_21
421,Хек ,4_1_4_22
422,Хек припущенный,4_1_4_23
423,Зразы  из  хека ,4_1_4_24
424,Камбала  дальневосточная ,4_1_5_1
425,Камбала обжаренная в масле. Консервы   ,4_1_5_2
426,Палтус  белокорый ,4_1_5_3
427,Горбуша ,4_1_6_1
428,Горбуша отварная,4_1_6_2
429,Горбуша  солёная  ,4_1_6_3
430,Бутербод с соленой горбушей,4_1_6_4
431,Бутербод с лососем,4_1_6_5
432,Горбуша натуральная. Консервы   ,4_1_6_6
433,Горбуша в томатном соусе. Консервы   ,4_1_6_7
434,Кета  ,4_1_6_8
435,Кета соленая  ,4_1_6_9
436,Кета  натуральная.  Консервы ,4_1_6_10
437,Кижуч ,4_1_6_11
438,Лосось  антлантический  (сёмга)  ,4_1_6_12
439,Семга соленая потрошеная   ,4_1_6_13
440,Нерка ,4_1_6_14
441,Нерка натуральная. Консервы   ,4_1_6_15
442,Чавыча  ,4_1_6_16
443,Лосось копченый,4_1_6_17
444,Хребты лосося,4_1_6_18
445,Брюшки лосося,4_1_6_19
446,Форель,4_1_6_20
447,Форель соленая,4_1_6_21
448,Форель жареная,4_1_6_22
449,Лосось, приготовленный с овощами,4_1_6_23
450,Вобла ,4_1_7_1
451,Вобла холодного копчения ,4_1_7_2
452,Карась ,4_1_7_3
453,Карп ,4_1_7_4
454,Карп  жареный ,4_1_7_5
455,Лещ  ,4_1_7_6
456,Лещ  горячего  копчения  ,4_1_7_7
457,Лещ холодного копчения  ,4_1_7_8
458,Лещ вяленый  ,4_1_7_9
459,Лещ в томатном соусе. Консервы  ,4_1_7_10
460,Сазан  ,4_1_7_11
461,Сазан в томатном соусе. Консервы  ,4_1_7_12
462,Осетр каспийский  ,4_1_8_1
463,Осетр жаренный во фритюре,4_1_8_2
464,Осетр припущенный,4_1_8_3
465,Осётр  отварной ,4_1_8_4
466,Балык осетровый холодного копчения   ,4_1_8_5
467,Теша  осетровая  холодного  копчения  ,4_1_8_6
468,Осетр в томатном соусе. Консервы   ,4_1_8_7
469,Севрюга  ,4_1_8_8
470,Севрюга припущенная,4_1_8_9
471,Севрюга в томатном соусе. Консервы   ,4_1_8_10
472,Окунь речной  ,4_1_9_1
473,Окунь морской  ,4_1_9_2
474,Окунь  морской  отварной ,4_1_9_3
475,Окунь морской тушеный,4_1_9_4
476,Окунь  жареный ,4_1_9_5
477,Окунь запеченный,4_1_9_6
478,Окунь  припущенный ,4_1_9_7
479,Окунь  фаршированный ,4_1_9_8
480,Шницель рыбный из окуня,4_1_9_9
481,Окунь  горячего  копчения ,4_1_9_10
482,Салат рыбный из окуня,4_1_9_11
483,Судак   ,4_1_9_12
484,Судак отварной,4_1_9_13
485,Судак  припущенный  ,4_1_9_14
486,Судак фаршированный,4_1_9_15
487,Судак жареный,4_1_9_16
488,Зразы  из  судака ,4_1_9_17
489,Судак в томатном соусе. Консервы   ,4_1_9_18
490,Бычки в томатном соусе. Консервы   ,4_1_9_19
491,Бычки  жареные  ,4_1_9_20
492,Тунец  ,4_10_1
493,Тунец  в  масле.  Консервы  ,4_10_3
494,Тунец натуральный. Консервы   ,4_10_2
495,Зубатка жареная,4_11_3
496,Мойва весенняя  ,4_12_1
497,Мойва жареная,4_12_4
498,Мойва сезонная,4_12_3
499,Мойва холодного копчения,4_12_5
500,Анчоус в т.ч. хамса,4_13_14
501,Кефаль,4_13_6
502,Сайра,4_13_12
503,Сайра. Консервы,4_13_13
504,Сом  ,4_13_2
505,Щука  ,4_13_7
506,Барабуля (султанка) жареная,4_14_1
507,Печень  другой рыбы,4_14_4
508,Печень  трески.  Консервы   ,4_14_3
509,Салат с печенью  трески,4_14_2
510,Бутерброд  с  зернистой  икрой  кеты ,4_15_10
511,Икра Горбуша  зернистая  ,4_15_2
512,Икра других рыб,4_15_5
513,Икра имитация из альгината,4_15_6
514,Икра Кета зернистая  ,4_15_3
515,Икра Минтаевая  пробойная  ,4_15_4
516,Икра Осетровая  зернистая  ,4_15_7
517,Молоки рыб,4_15_12
518,Краб, мясо,4_16_1
519,Крабы натуральные. Консервы  ,4_16_3
520,Креветка варёная,4_16_12
521,Креветка дальневосточная (мясо)  ,4_16_6
522,Креветка жаренная,4_16_11
523,Креветка неочищенная,4_16_10
524,Креветка очищенная,4_16_9
525,Раки речные варёные  ,4_16_14
526,Салат крабовый,4_16_5
527,Салат Цезарь с креветками,4_16_4
528,Кальмар,4_17_1
529,Кальмары жаренные,4_17_3
530,Кальмары копченные,4_17_4
531,Кальмары с морковью,4_17_2
532,Мидии  ,4_17_6
533,Осьминог,4_17_5
534,Биск с крабом,4_19_17
535,Вяленная рыба ассорти ,4_19_13
536,Заливное с рыбой,4_19_20
537,Котлета рыбная,4_19_9
538,Крабовые палочки,4_19_1
539,Лосось, холодная закуска ,4_19_22
540,Морепродукты, ассорти,4_19_19
541,Паста, крем с морепродуктами,4_19_8
542,Паштет, риет из рыбы,4_19_7
543,Пельмени с рыбой,4_18_3
544,Пироги с рыбой,4_19_2
545,Рыба жареная,4_19_10
546,Рыба жареная на гриле или углях,4_19_11
547,Рыба запеченная,4_19_12
548,Салат из крабовых палочек,4_19_3
549,Салат рыбный,4_19_4
550,Салат с лососем,4_19_6
551,Салат с морепродуктами,4_19_5
552,Суп Том-Ям,4_19_15
553,Суповой набор рыбный,4_19_16
554,Уха ,4_19_14
555,Фарш из рыбы,4_19_18
556,Хе из рыбы,4_19_23
557,Суши ролл с рыбой или морепродуктами,4_19_29
558,Суши с лососем,4_19_26
559,Суши ролл Калифорния,4_19_24
560,Суши ролл Филадельфия,4_19_25
561,Суши с креветкой,4_19_27
562,Суши с угрем,4_19_28
563,Суши  ассорти,4_19_30
564,Скумбрия  дальневосточная ,4_2_5
565,Скумбрия  натуральная.  Консервы ,4_2_3
566,Скумбрия атлантическая ,4_2_1
567,Скумбрия холодного копчения ,4_2_2
568,Барабуля (султанка) жареная,4_2_1
569,Салат с печенью  трески,4_2_2
570,Печень  трески.  Консервы   ,4_2_3
571,Печень  другой рыбы,4_2_4
572,Желтый полосатик сушенный,4_3_5
573,Икра Белужья  зернистая ,4_3_1
574,Икра Горбуша  зернистая  ,4_3_2
575,Икра Кета зернистая  ,4_3_3
576,Икра Минтаевая  пробойная  ,4_3_4
577,Икра других рыб,4_3_5
578,Икра имитация из альгината,4_3_6
579,Икра Осетровая  зернистая  ,4_3_7
580,Икра Осетровая  паюсная   ,4_3_8
581,Икра Севрюжья  зернистая  ,4_3_9
582,Бутерброд  с  зернистой  икрой  кеты ,4_3_10
583,Бутерброд  с  икрой  осетровой  зернистой    ,4_3_11
584,Молоки рыб,4_3_12
585,Котлеты  из  трески ,4_4_14
586,Котлеты  рыбные,4_4_13
587,Минтай ,4_4_1
588,Минтай припущенный,4_4_2
589,Навага ,4_4_4
590,Навага  жареная ,4_4_5
591,Навага. Консервы  ,4_4_20
592,Путассу ,4_4_7
593,Треска  ,4_4_8
594,Треска  запеченная ,4_4_12
595,Треска  отварная ,4_4_9
596,Треска  припущенная ,4_4_10
597,Треска  тушёная ,4_4_11
598,Треска жареная,4_4_16
599,Фрикадельки  из  минтая ,4_4_3
600,Хек ,4_4_22
601,Краб, мясо,4_4_1
602,Краб, мясо,4_4_2
603,Крабы натуральные. Консервы  ,4_4_3
604,Салат Цезарь с креветками,4_4_4
605,Салат крабовый,4_4_5
606,Креветка дальневосточная (мясо)  ,4_4_6
607,Креветка антарктическая (мясо) варённо-мороженная  ,4_4_7
608,Креветка антарктическая натуральная. Консервы  ,4_4_8
609,Креветка очищенная,4_4_9
610,Креветка неочищенная,4_4_10
611,Креветка жаренная,4_4_11
612,Креветка варёная,4_4_12
613,Рачки речные  ,4_4_13
614,Раки речные варёные  ,4_4_14
615,Раки морские (лангуст, омар)  ,4_4_15
616,Раки морские варёные  ,4_4_16
617,Камбала  дальневосточная ,4_5_1
618,Палтус  белокорый ,4_5_3
619,Кальмар,4_5_1
620,Кальмары с морковью,4_5_2
621,Кальмары жаренные,4_5_3
622,Кальмары копченные,4_5_4
623,Осьминог,4_5_5
624,Мидии  ,4_5_6
625,Устрица  ,4_5_7
626,Брюшки лосося,4 _6_1
627,Бутербод с лососем,4 _6_1
628,Бутербод с соленой горбушей,4 _6_1
629,Горбуша ,4_6_1
630,Горбуша  солёная  ,4 _6_1
631,Горбуша натуральная. Консервы   ,4 _6_1
632,Горбуша отварная,4 _6_1
633,Кета  ,4 _6_1
634,Кета  натуральная.  Консервы ,4 _6_1
635,Кета соленая  ,4 _6_1
636,Лосось  антлантический  (сёмга)  ,4 _6_1
637,Лосось копченый,4 _6_1
638,Лосось, приготовленный с овощами,4 _6_1
639,Нерка ,4 _6_1
640,Нерка натуральная. Консервы   ,4 _6_1
641,Семга соленая потрошеная   ,4 _6_1
642,Форель,4 _6_1
643,Форель соленая,4 _6_1
644,Хребты лосося,4 _6_1
645,Китовое мясо  ,4_6_1
646,Мясо ластоногих  ,4_6_2
647,Вобла ,4 _7_1
648,Карп ,4 _7_1
649,Карп  жареный ,4 _7_1
650,Лещ вяленый  ,4 _7_1
651,Суши  ассорти,4_7_31
652,Пельмени с рыбой,4_7_1
653,Крабовые палочки,4_7_2
654,Пироги с рыбой,4_7_3
655,Салат из крабовых палочек,4_7_4
656,Салат рыбный,4_7_5
657,Салат с морепродуктами,4_7_6
658,Салат с лососем,4_7_7
659,Паштет, риет из рыбы,4_7_8
660,Паста, крем с морепродуктами,4_7_9
661,Котлета рыбная,4_7_10
662,Рыба жареная,4_7_11
663,Рыба жареная на гриле или углях,4_7_12
664,Рыба запеченная,4_7_13
665,Вяленная рыба ассорти ,4_7_14
666,Уха ,4_7_15
667,Суп Том-Ям,4_7_16
668,Суповой набор рыбный,4_7_17
669,Биск с крабом,4_7_18
670,Фарш из рыбы,4_7_19
671,Морепродукты, ассорти,4_7_20
672,Заливное с рыбой,4_7_21
673,Рыба с макаронами,4_7_22
674,Лосось, холодная закуска ,4_7_23
675,Хе из рыбы,4_7_24
676,Суши ролл Калифорния,4_7_25
677,Суши ролл Филадельфия,4_7_26
678,Суши с лососем,4_7_27
679,Суши с креветкой,4_7_28
680,Суши с угрем,4_7_29
681,Суши ролл с рыбой или морепродуктами,4_7_30
682,Бычки  жареные  ,4_9_20
683,Бычки в томатном соусе. Консервы   ,4_9_19
684,Окунь  жареный ,4_9_5
685,Окунь запеченный,4_9_6
686,Судак   ,4_9_12
687,Судак  припущенный  ,4_9_14
688,Судак в томатном соусе. Консервы   ,4_9_18
689,Судак жареный,4_9_16
690,Судак отварной,4_9_13
691,Шницель рыбный из окуня,4_9_9
692,Масло сладко-сливочное «Вологодское»    ,5_1_2
693,Масло сладко-сливочное несоленое ,5_1_1
694,Масло сливочное несоленое - «Крестьянское» ,5_1_5
695,Масло сладко-сливочное несоленое «Любительское» ,5_1_3
696,Масло сладко-сливочное соленое «Любительское»    ,5_1_4
697,Масло сливочное соленое ,5_1_6
698,Масло сливочное,5_1_7
699,Масло топленое ,5_1_8
700,Шпик свиной ,5_2_5
701,Шпик свиной соленый    ,5_2_6
702,Жир бараний ,5_2_1
703,Жир говяжий топленый ,5_2_2
704,Жир костный топленый ,5_2_3
705,Жир свиной топленый ,5_2_4
706,Жир куриный ,5_2_7
707,Жир из печени трески ,5_3_1
708,Масло  льняное ,5_4_11
709,Масло  оливковое ,5_4_12
710,Масло арахисовое  ,5_4_1
711,Масло подсолнечное ,5_4_15
712,Масло подсолнечное нерафинированное,5_4_14
713,Молоко кокосовое,5_4_7
714,Масло горчичное ,5_4_2
715,Масло какао ,5_4_3
716,Масло какаовелла ,5_4_4
717,Масло канолы    ,5_4_5
718,Масло кокосовое ,5_4_6
719,Масло конопляное   ,5_4_8
720,Масло кукурузное ,5_4_9
721,Масло кунжутное ,5_4_10
722,Масло  пальмовое ,5_4_13
723,Масло рапсовое ,5_4_16
724,Масло  соевое ,5_4_17
725,Маргарин ,5_5_1
726,Маргарин ,5_5_6
727,Маргарин  сливочный ,5_5_5
728,Маргарин «Здоровье» ,5_5_2
729,Маргарин низкокалорийный 60% жирности ,5_5_3
730,Маргарин  молочный  столовый ,5_5_4
731,Жир кулинарный,5_6_1
732,Жир  кондитерский,5_7_1
733,Майонез  «Провансаль» ,5_8_1
734,Майонез столовый молочный    ,5_8_2
735,Зерно твёрдой пшеницы ,6_1_1_1
736,Зерно мягкой пшеницы ,6_1_1_2
737,Мука блинная,6_1_2 _2
738,Мука из пшеницы,6_1_2 _1
739,Смесь для приготовления мучных кондитерских изделий,6_1_2 _3
740,Крупа манная ,6_1_3 _2
741,Крупа пшеничная,6_1_3 _1
742,Хлопья пшеничные,6_1_3 _3
743,Макароны из пшеничной муки,6_1_4_1
744,Багет,6_1_5_1
745,Батон нарезной,6_1_5_2
746,Батон простой,6_1_5_3
747,Булка ярославская,6_1_5_4
748,Булки городские,6_1_5_5
749,Булочка повышенной калорийности,6_1_5_6
750,Булочка с корицей ,6_1_5_7
751,Булочка с кунжутом,6_1_5_8
752,Булочка с маком,6_1_5_9
753,Булочки бутербродные и для гамбургеров,6_1_5_10
754,Булочки молочные,6_1_5_11
755,Булочки разные,6_1_5_12
756,Булочки сдобные,6_1_5_13
757,Булочки сдобные с фруктами/ягодами,6_1_5_14
758,Калач,6_1_5_15
759,Лепешка, лаваш,6_1_5_16
760,Плюшка,6_1_5_17
761,Фокачча,6_1_5_18
762,Хлеб бездрожжевой или на закваске,6_1_5_19
763,Хлеб Заварной,6_1_5_20
764,Хлеб зерновой ,6_1_5_21
765,Хлеб Молочный,6_1_5_22
766,Хлеб на сыворотке ,6_1_5_23
767,Хлеб Нарезка,6_1_5_24
768,Хлеб Нарезной,6_1_5_25
769,Хлеб Пеклеванный,6_1_5_26
770,Хлеб порционный,6_1_5_27
771,Хлеб Пшеничный,6_1_5_28
772,Хлеб с изюмом,6_1_5_29
773,Хлеб солодовый,6_1_5_30
774,Хлеб Тостовый,6_1_5_31
775,Хлеб фитнес,6_1_5_32
776,Хлеб Чесночный,6_1_5_33
777,Хлебные палочки соленые,6_1_5_34
778,Хлебобулочное изделие с чесноком,6_1_5_36
779,Хлебцы докторские (мука в/с и отруби пшеничные) ,6_1_5_35
780,Чиабатта,6_1_5_37
781,Хлеб с отрубями,6_1_6_1
782,Хлеб Горчичный,6_1_6_2
783,Хлеб Гречневый,6_1_6_3
784,Хлеб Кукурузный,6_1_6_4
785,Хлеб Льняной,6_1_6_5
786,Хлеб ржано-пшеничный ,6_1_6_6
787,Хлеб рижский ,6_1_6_7
788,Баранки сдобные ,6_1_7_1
789,Бублики и баранки простые,6_1_7_2
790,Галеты ,6_1_7_3
791,Гренки,6_1_7_4
792,Кекс,6_1_7_5
793,Корж,6_1_7_6
794,Крекеры ,6_1_7_7
795,Мюсли и  батончики из злаков ,6_1_7_8
796,Печенье  миндальное    ,6_1_7_9
797,Печенье Американское,6_1_7_10
798,Печенье бисквитное с начинкой,6_1_7_11
799,Печенье бисквитное с шоколадной глазурью,6_1_7_12
800,Печенье бисквитное шоколадное,6_1_7_13
801,Печенье затяжное,6_1_7_14
802,Печенье зерновое,6_1_7_15
803,Печенье Лимоннное,6_1_7_16
804,Печенье Молочное,6_1_7_17
805,Печенье песочное,6_1_7_18
806,Печенье с творогом,6_1_7_19
807,Печенье сахарное,6_1_7_20
808,Печенье сдобное,6_1_7_21
809,Печенье сдобное глазированное,6_1_7_22
810,Печенье сдобное с начинкой,6_1_7_23
811,Печенье сдобное с шоколадом,6_1_7_24
812,Печенье сливочное,6_1_7_25
813,Печенье слоеное,6_1_7_26
814,Печенье со злаками,6_1_7_27
815,Печенье чак-чак или хворост,6_1_7_28
816,Пряники заварные ,6_1_7_29
817,Пряники сырцовые ,6_1_7_30
818,Рулет или улитка  ,6_1_7_31
819,Рулет с маком,6_1_7_32
820,Соломка сладкая,6_1_7_33
821,Сухари  панировочные,6_1_7_34
822,Сухари сдобные,6_1_7_35
823,Сухарики (снэк) с добавками,6_1_7_36
824,Сушки простые ,6_1_7_37
825,Блины,6_1_8_1
826,Блины с ветчиной и сыром,6_1_8_2
827,Блины с мясным наполнителем,6_1_8_3
828,Блины с разным наполнителем,6_1_8_4
829,Блины с творогом,6_1_8_5
830,Блины со сладким наполнителем,6_1_8_6
831,Вареники,6_1_8_7
832,Вареники с вишней,6_1_8_8
833,Вареники с картошкой,6_1_8_9
834,Вареники с творогом,6_1_8_10
835,Ватрушка   ,6_1_8_11
836,Выпечка,6_1_8_12
837,Выпечка с творогом,6_1_8_13
838,Каша манная,6_1_8_14
839,Кулебяка с  капустой ,6_1_8_15
840,Мучные изделия с ветчиной и сыром,6_1_8_16
841,Оладьи,6_1_8_17
842,Пироги и булки с сыром,6_1_8_18
843,Пироги с повидлом,6_1_8_19
844,Пироги с фруктами,6_1_8_20
845,Пирожки  печеные,6_1_8_21
846,Пирожки с  капустой ,6_1_8_22
847,Пирожки с  яйцом и луком,6_1_8_23
848,Пирожки с ягодами,6_1_8_24
849,Тесто,6_1_8_25
850,Хачапури,6_1_8_26
851,Макароны  отварные  с жиром ,6_1_9_1
852,Макароны отварные,6_1_9_2
853,Макароны отварные с мясом и мясным соусом ,6_1_9_3
854,Макароны отварные с овощами,6_1_9_4
855,Макароны отварные с рыбой,6_1_9_5
856,Макароны отварные с сыром,6_1_9_6
857,Семена льна,6_10_1_1
858,Изделия из крахмала и крахмальной муки,6_10_2_4
859,Каша из смеси злаков,6_10_2_1
860,Сухие затраки из злаков с добавками,6_10_2_2
861,Хлопья из злаков ,6_10_2_3
862,Отруби без добавок,6_10_3_1
863,Отруби с добавками и в гранулах,6_10_3_2
864,Проростки семян ,6_10_4_3
865,Киноа крупа,6_2_1_1
866,Зерно  рожь продовольственное ,6_3_1_1
867,Мука рожь,6_3_2_1
868,Хлеб бородинский,6_3_3_2
869,Хлеб дарницкий,6_3_3_3
870,Хлеб из ржаной муки,6_3_3_1
871,Хлеб столичный ,6_3_3_4
872,Хлеб украинский ,6_3_3_5
873,Зерно овес продовольственное ,6_4_1_1
874,Мука овес  ,6_4_2_1
875,Толокно овес  ,6_4_2_2
876,Крупа овсяная ,6_4_3_1
877,Хлопья «Геркулес» овес ,6_4_3_2
878,Каша овсяная,6_4_4_1
879,Печенье овсяное,6_4_4_2
880,Зерно рис продовольственное ,6_5_1 _1
881,Мука рис,6_5_2_1
882,Крупа рисовая ,6_5_3_1
883,Рис бурый,6_5_3_2
884,Каша рисовая,6_5_4_1
885,Макаронные изделия из рисовой муки,6_5_4_2
886,Плов,6_5_4_3
887,Рис воздушный (экструдированный),6_5_4_4
888,Рис отварной,6_5_4_5
889,Рис с курицей,6_5_4_6
890,Рис с овощами,6_5_4_7
891,Рис с рыбой или морепродуктами,6_5_4_8
892,Рисовая лапша с овощами,6_5_4_9
893,Суп харчо с мясом,6_5_4_10
894,Зерно гречиха продовольственное ,6_6_1_1
895,Мука гречиха,6_6_2_1
896,Крупа гречиха продел ,6_6_3_1
897,Крупа гречиха ядрица ,6_6_3_2
898,Каша гречневая из крупы ядрицы,6_6_4_1
899,Каша гречневая с грибами или овощами,6_6_4_2
900,Макаронные изделия из гречневой муки,6_6_4_3
901,Зерно ячмень продовольственное ,6_7_1_1
902,Крупа перловая ячмень ,6_7_2_1
903,Крупа ячневая ячмень ,6_7_2_2
904,Каша перловая ячмень,6_7_3_1
905,Зерно  просо продовольственное ,6_8_1_1
906,Крупа просо пшено шлифованное ,6_8_2_1
907,Каша пшенная,6_8_3_1
908,Хлопья пшенные,6_8_3_2
909,Зерно кукуруза продовольственное ,6_9_1_1
910,Изделия с добавлением кукурузной муки,6_9_2_2
911,Мука кукуруза ,6_9_2_1
912,Крупа кукуруза ,6_9_3_1
913,Крахмал кукуруза ,6_9_4_1
914,Каша кукурузная,6_9_5_3
915,Кукуруза  в початках,6_9_5_1
916,Кукуруза консервированная,6_9_5_2
917,Хлопья кукурузные,6_9_5_4
918,Горох лущеный ,7_1_2
919,Горох отварной,7_1_3
920,Горох отварной с копченой грудинкой,7_1_4
921,Горох, зерно ,7_1_1
922,Горошек зеленый.  ,7_1_5
923,Горошек зеленый. Консервы ,7_1_6
924,Мука гороховая,7_1_7
925,Напиток соевый,7_1_24
926,Нут,7_1_20
927,Соевое мясо,7_1_23
928,Суп гороховый,7_1_9
929,Тофу (соевый сыр),7_2_1
930,Фасоль (стручок) ,7_1_18
931,Фасоль пророщенная (маш),7_1_16
932,Фасоль стручковая.Консервы ,7_1_19
933,Фасоль, зерно ,7_1_14
934,Фасоль, зерно. Консервы,7_1_17
935,Чечевица, зерно ,7_1_22
936,Пюре гороховое,7_1_8
937,Салат с фасолью,7_1_15
938,Суп с бобовыми (фасоль),7_1_21
939,Соя, зерно ,7_1_10
940,Мука соевая необезжиренная ,7_1_11
941,Мука соевая полуобезжиренная ,7_1_12
942,Мука соевая обезжиренная ,7_1_13
943,Арахис ,7_2_2
944,Грецкий орех очищенный ,7_2_3
945,Каштан,7_2_11
946,Лещина ,7_2_6
947,Напиток миндальный,7_2_8
948,Смесь орехов и фруктов,7_2_13
949,Фисташки,7_2_10
950,Чурчхела,7_2_12
951,Грецкий орех в скорлупе  ,7_2_4
952,Кешью ,7_2_5
953,Миндаль ,7_2_7
954,Фундук ,7_2_9
955,Оливки. Консервы ,7_3_5
956,Подсолнечник ,7_3_6
957,Семена тыквы,7_4_1
958,Горчица ,7_3_1
959,Кунжут ,7_3_2
960,Мак ,7_3_3
961,Оливки (мякоть) ,7_3_4
962,Спаржа соевая,7_4_3
963,Хумус,7_4_2
964,Салат со спаржей соевой,7_4_4
965,Базилик,8_1_4
966,Зелень ассорти,8_1_5
967,Капуста Пак-чой (Бок-чой),8_1_10
968,Капуста пекинская,8_1_11
969,Кинза,8_1_2
970,Петрушка,8_1_1
971,Пюре из овощей Консервы,8_1_17
972,Руккола,8_1_3
973,Сельдерей,8_1_7
974,Спаржа,8_1_22
975,Суп-пюре из шпината,8_1_16
976,Укроп,8_1_21
977,Шпинат,8_1_15
978,Щавель,8_1_19
979,Щи из щавеля,8_1_20
980,Айсберг салат листовой,8_1_9
981,Салат,8_1_8
982,Салат зеленый,8_1_12
983,Водоросли,8_10_1
984,Морская капуста,8_10_3
985,Салат с морской капустой,8_10_4
986,Суп Мисо,8_10_2
987,Грибы белые,8_12_1
988,Вешенки (грибы),8_12_13
989,Грибы ассорти консервированные,8_12_14
990,Грибы, запеченные,8_12_6
991,Опята,8_12_8
992,Борщ из свежей капусты и картофеля,8_2_5
993,Борщ из свежей капусты, картофеля и говядины,8_2_4
994,Брюссельская капуста,8_2_18
995,Голубцы,8_2_11
996,Голубцы овощные,8_2_12
997,Капуста отварная,8_2_7
998,Капуста цветная жареная,8_2_25
999,Капуста цветная отварная,8_2_26
1000,Капуста Белокочанная,8_2_1
1001,Капуста брокколи,8_2_23
1002,Капуста жареная,8_2_9
1003,Капуста запеченная,8_2_10
1004,Капуста квашеная,8_2_14
1005,Капуста краснокочанная,8_2_20
1006,Капуста с морковью,8_2_3
1007,Капуста тушеная,8_2_8
1008,Капуста цветная,8_2_24
1009,Котлеты Капустные,8_2_13
1010,Салат из капусты белокочанной,8_2_2
1011,Салат из квашеной капусты,8_2_15
1012,Суп-пюре овощной,8_2_21
1013,Щи из квашеной капусты,8_2_16
1014,Щи из свежей капусты,8_2_6
1015,Щи суточные,8_2_17
1016,Суп овощной,8_2_22
1017,Лук жареный,8_3_5
1018,Лук зелёный (перо),8_3_1
1019,Лук маринованный,8_3_6
1020,Лук репка,8_3_4
1021,Лук порей,8_3_3
1022,Чеснок,8_3_7
1023,Салат из зеленого лука,8_3_2
1024,Драники картофельные,8_4_25
1025,Запеканка картофельная с овощами,8_4_23
1026,Зразы картофельные,8_4_24
1027,Картофель жаренный брусочками,8_4_14
1028,Картофель запеченный ,8_4_16
1029,Картофель отварной,8_4_10
1030,Картофель тушёный,8_4_11
1031,Картофель тушёный с грибами,8_4_12
1032,Картофель,8_4_3
1033,Картофель молодой,8_4_2
1034,Картофель сладкий батат,8_4_1
1035,Картофель, жаренный во фритюре,8_4_15
1036,Картофель, жаренный ломтиками (из отварного),8_4_13
1037,Котлеты картофельные,8_4_22
1038,Крахмал картофельный,8_4_28
1039,Окрошка овощная,8_4_5
1040,Пирожки картофельные с морковью,8_4_27
1041,Пирожки с картофелем,8_4_26
1042,Пюре картофельное,8_4_18
1043,Рагу овощное,8_4_17
1044,Рассольник домашний,8_4_6
1045,Салат Оливье,8_4_20
1046,Салат картофельный с огурцами,8_4_19
1047,Салат Столичный,8_4_21
1048,Суп картофельный с перловой крупой,8_4_8
1049,Суп картофельный,8_4_7
1050,Суп-пюре из картофеля,8_4_9
1051,Борщ летний,8_5_21
1052,Борщ,8_5_20
1053,Борщ украинский,8_5_22
1054,Винегрет,8_5_17
1055,Запеканка морковная,8_5_10
1056,Икра свекольная,8_5_15
1057,Имбирь,8_5_35
1058,Котлеты морковные,8_5_9
1059,Свекла тушёная,8_5_19
1060,Морковный сок или фреш,8_5_13
1061,Морковь отварная,8_5_8
1062,Морковь,8_5_2
1063,Морковь,8_5_4
1064,Морковь сушенная,8_5_3
1065,Пудинг морковный,8_5_11
1066,Пюре из моркови,8_5_6
1067,Редис,8_5_25
1068,Редька чёрная,8_5_31
1069,Редька и дайкон,8_5_32
1070,Редька с маслом,8_5_33
1071,Репа,8_5_28
1072,Салат из моркови,8_5_5
1073,Салат из свеклы с сыром и чесноком,8_5_18
1074,Салат из редиса,8_5_26
1075,Свекла отварная,8_5_16
1076,Свекла,8_5_14
1077,Свекольник холодный,8_5_23
1078,Сельдерей,8_5_24
1079,Хрен,8_5_34
1080,Огурцы (парниковые),8_6_1
1081,Огурцы сезонные,8_6_3
1082,Огурцы (грунтовые),8_6_2
1083,Огурцы и томаты консервированные,8_6_7
1084,Огурцы маринованные,8_6_6
1085,Огурцы соленые,8_6_5
1086,Салат из свежих огурцов,8_6_4
1087,Салат из солёных огурцов с луком,8_6_8
1088,Набор овощей,8_7_4
1089,Помидоры без кожицы. Консервы,8_7_10
1090,Помидоры с кожицей. Консервы,8_7_9
1091,Помидоры сушенные, вяленные,8_7_11
1092,Салат из свежих помидоров и огурцов,8_7_6
1093,Салат из свежих помидоров,8_7_5
1094,Томатная паста. Консервы,8_7_13
1095,Томаты (грунтовые),8_7_1
1096,Томаты огурцы, ассорти (набор),8_7_3
1097,Томаты сезонные,8_7_2
1098,Салат из свежих помидоров с перцем,8_7_7
1099,Суп томатный,8_7_14
1100,Икра кабачковая,8_8_12
1101,Кабачки жаренные,8_8_7
1102,Кабачки запечённые,8_8_9
1103,Кабачки тушеные,8_8_8
1104,Кабачки,8_8_5
1105,Кабачки, фаршированные овощами,8_8_10
1106,Каша и пюре из тыквы,8_8_3
1107,Цукини,8_8_6
1108,Суп тыквенный,8_8_4
1109,Перец сладкий,8_9_4
1110,Баклажаны,8_9_1
1111,Баклажаны, фаршированные овощами,8_9_3
1112,Гуакамоле,8_9_13
1113,Икра из баклажанов. Консервы,8_9_2
1114,Каперсы,8_9_14
1115,Кимчи (квашенная пекинская капуста),8_9_12
1116,Овощи замороженные ассорти,8_9_11
1117,Овощная смесь, консервы,8_9_10
1118,Перец острый свежий,8_9_5
1119,Перец маринованный. Консервы,8_9_8
1120,Перец, фаршированный мясом,8_9_7
1121,Перец, фаршированный овощами,,8_9_6
1122,Шампиньоны,8_12_12
1123,Суп грибной,8_12_3
1124,Пироги с грибами,8_12_15
1125,Овощи ассорти  жареные,8_11_1
1126,Лечо,8_11_4
1127,Овощи ассорти   варенные или тушенные,8_11_2
1128,Суши с овощами,8_11_3
1129,Салат греческий,8_1_14
1130,Салат разный,8_11_5
1131,Салат-бар,8_11_6
1132,Ревень,8_1_6
1133,Салат зеленый с огурцами,8_1_13
1134,Шпинат-пюре. Консервы,8_1_18
1135,Кольраби,8_2_19
1136,Картофель сушеный,8_4_4
1137,Топинамбур,8_5_1
1138,Суп-пюре из моркови,8_5_7
1139,Суфле морковное,8_5_12
1140,Брюква,8_5_27
1141,Петрушка (корень),8_5_29
1142,Пастернак (корень),8_5_30
1143,Помидоры жареные и запеченные,8_7_8
1144,Томатное пюре. Консервы,8_7_12
1145,Тыква,8_8_1
1146,Тыква кулинарно обработанная,8_8_2
1147,Кабачки тушеные,8_8_11
1148,Набор овощей,8_9_9
1149,Грибы белые сушеные,8_12_2
1150,Грибы жареные,8_12_4
1151,Грибы жареные с картофелем,8_12_5
1152,Лисички,8_12_7
1153,Подберёзовики,8_12_9
1154,Подосиновики,8_12_10
1155,Сыроежки,8_12_11
1156,Водоросли,8_10_3
1157,Абрикос с сахаром,9_1_4
1158,Абрикосы ,9_1_1
1159,Абрикосы сушеные без косточки (курага) ,9_1_3
1160,Абрикосы сушеные с косточкой (урюк) ,9_1_2
1161,Вишня ,9_1_6
1162,Персик ,9_1_8
1163,Слива (садовая) ,9_1_10
1164,Слива сушеная (чернослив) ,9_1_11
1165,Финики ,9_1_14
1166,Черешня ,9_1_15
1167,Айва ,9_2_1
1168,Груша ,9_2_2
1169,Груша сушеная ,9_2_3
1170,Смесь сухофруктов,9_2_4
1171,Яблоки ,9_2_8
1172,Яблоки сушеные ,9_2_9
1173,Гранат ,9_3_1
1174,Киви ,9_3_4
1175,Хурма ,9_3_6
1176,Апельсин ,9_2_5
1177,Апельсин с сахаром,9_4_2
1178,Грейпфрут ,9_4_3
1179,Лайм,9_4_8
1180,Лимон ,9_4_7
1181,Мандарин ,9_4_10
1182,Помело,9_4_6
1183,Авокадо,9_5_4
1184,Ананас ,9_5_1
1185,Банан ,9_5_2
1186,Кокос, мякоть,9_5_3
1187,Манго,9_5_5
1188,Манго в сиропе. Консервы,9_11_5
1189,Манго сушеное,9_5_6
1190,Барбарис,9_6_16
1191,Виноград ,9_6_1
1192,Виноград сушеный (кишмиш) ,9_6_2
1193,Земляника (садовая) ,9_6_3
1194,Земляника садовая (клубника), замороженная,9_6_4
1195,Малина ,9_6_6
1196,Смородина красная ,9_6_11
1197,Смородина черная ,9_6_12
1198,Ягоды с сахаром,9_6_15
1199,Брусника ,9_7_1
1200,Голубика ,9_7_2
1201,Ежевика ,9_7_3
1202,Клюква ,9_7_4
1203,Арбуз ,9_8_1
1204,Дыня ,9_8_2
1205,Варенье из абрикос,9_9_4
1206,Варенье из вишни,9_9_1
1207,Варенье из инжира,9_9_2
1208,Варенье из клубники ,9_9_7
1209,Варенье из малины ,9_9_8
1210,Варенье из орехов,9_9_3
1211,Варенье из рябины черноплодной ,9_9_11
1212,Джем из абрикосов ,9_9_14
1213,Джем из фруктов и ягод,9_9_17
1214,Джем мандариновый ,9_9_15
1215,Джем черносмородиновый ,9_9_16
1216,Желе из фруктов и ягод,9_9_21
1217,Повидло из фруктов и ягод,9_9_19
1218,Пюре яблочное ,9_9_20
1219,Алыча ,9_1_5
1220,Вишня с сахаром,9_1_7
1221,Персик сушеный ,9_1_9
1222,Чернослив со взбитыми сливками,9_1_12
1223,Терн ,9_1_13
1224,Рябина садовая красная ,9_2_6
1225,Рябина черноплодная ,9_2_7
1226,Инжир ,9_3_2
1227,Инжир сушеный ,9_3_3
1228,Киви пюре ,9_3_5
1229,Апельсин ,9_4_1
1230,Грейпфрут с сахаром,9_4_4
1231,Грейпфрут фреш и смузи,9_4_5
1232,Лимон с сахаром,9_4_9
1233,Крыжовник ,9_6_5
1234,Малина с молоком,9_6_7
1235,Суп-пюре из малины,9_6_8
1236,Облепиха ,9_6_9
1237,Смородина белая ,9_6_10
1238,Шиповник ,9_6_13
1239,Шиповник сухой ,9_6_14
1240,Морошка ,9_7_5
1241,Черника ,9_7_6
1242,Тыква ,9_8_3
1243,Варенье из айвы ,9_9_5
1244,Варенье из груши ,9_9_6
1245,Варенье из мандаринов ,9_9_9
1246,Варенье из персиков ,9_9_10
1247,Варенье из сливы ,9_9_12
1248,Варенье из яблок ,9_9_13
1249,Повидло яблочное ,9_9_18
1250,Смесь свежих фруктов и ягод ,9_10_1
1251,Смесь фруктов и ягод замороженная,9_10_2
1252,Смесь фруктов и ягод  измельченная,9_10_3
1253,Смесь фруктов и ягод сушенная,9_10_4
1254,Сушенные фрукты в глазури,9_10_5
1255,Ананасы в сиропе,9_11_1
1256,Персики в сиропе,9_11_2
1257,Абрикосы в сиропе,9_11_3
1258,Фрукты ассорти консервированные,9_11_4
1259,Косточки абрикосов и др фруктов,9_12_1
1260,Сахар-песок,10_1_1
1261,Сахар-рафинад,10_1_2
1262,Вафли,10_10_2
1263,Вафля с жировыми начинками,10_10_1
1264,Плитки кондитерские,10_8_15
1265,Пончики, пышки,10_10_3
1266,Булочка слоёная,10_11_1
1267,Булочка слоёная с жировыми начинками,10_11_4
1268,Булочка слоёная с творожной начинкой,10_11_2
1269,Булочка слоёная с фруктовыми начинками,10_11_3
1270,Медовик,10_11_24
1271,Мучные изделия с шоколадом,10_11_26
1272,Мучные изделия со сгущеным молоком,10_11_27
1273,Пироженое миндальное,10_11_12
1274,Пирожное бисквитное с белковым кремом,10_11_6
1275,Пирожное вафельное молочное,10_11_16
1276,Пирожное воздушное с кремом,10_11_11
1277,Пирожное заварное с кремом (трубочка),10_11_14
1278,Пирожное заварное с кремом (эклер),10_11_13
1279,Пирожное крошковое,10_11_15
1280,Пирожное песочное (кольцо),10_11_10
1281,Пирожное песочное с кремом,10_11_9
1282,Пирожное песочное с творогом,10_11_7
1283,Пирожное песочное с фруктами и ягодами,10_11_8
1284,Пирожное разное ассорти,10_11_17
1285,Пирожное слоёное с белковым кремом,10_11_5
1286,Суфле и бисквит в шоколадной глазури,10_11_25
1287,Торт бисквитный с фруктовой начинкой,10_11_19
1288,Торт бисквитный шоколадный,10_11_18
1289,Торт вафельный,10_11_22
1290,Торт миндальный,10_11_28
1291,Торт песочный,10_11_21
1292,Торт с безе и жирным кремом,10_11_29
1293,Торт слоёный,10_11_20
1294,Чизкейк,10_11_23
1295,Агар (В т.ч. НПВ-75,6),10_14_2
1296,Марципан,10_14_1
1297,Глазурь шоколадная,10_14_4
1298,Какао тёртое,10_14_5
1299,Мёд пчелиный,10_14_9
1300,Патизомальт,10_14_28
1301,Посыпка кондитерская,10_14_29
1302,Сироп из шиповника,10_14_20
1303,Сироп сладкий,10_14_19
1304,Цукаты,10_14_22
1305,Десерт разный 15% жира или с указанным % жира,10_12_4
1306,Кукурузные и сладкие палочки,10_12_2
1307,Пахлава,10_12_7
1308,Продукты с добавлением фруктозы,10_12_1
1309,Рахат лукум,10_12_6
1310,Штрудель,10_12_5
1311,Другие заменители сахара,10_13_4
1312,Эритрит,10_13_1
1313,Конфета глазированная,10_2_1
1314,Конфета леденцовая,10_2_2
1315,Конфета с молочной начинкой,10_2_3
1316,Конфета с фруктово - ягодной начинкой,10_2_4
1317,Конфета с шоколадно - ореховой начинкой,10_2_5
1318,Драже сахарное,10_3_1
1319,Ирис полутвёрдый,10_4_1
1320,Мармелад желейный,10_5_2
1321,Зефир,10_6_3
1322,Зефир, глазированный шоколадом,10_6_4
1323,Пастила,10_6_1
1324,Паста ореховая,10_7_3
1325,Халва тахинно-арахисовая,10_7_1
1326,Щербет с орехами (вост сладость),10_7_4
1327,Какао порошок,10_8_3
1328,Какао-напиток растворимый,10_8_1
1329,Кэроб, Порошок плодов рожкового дерева,10_8_4
1330,Шоколад горький,10_8_5
1331,Шоколад полугорький,10_8_6
1332,Шоколад молочно - ореховый,10_8_10
1333,Шоколад молочно-ореховый с изюмом,10_8_12
1334,Шоколад молочный,10_8_9
1335,Шоколад ореховый,10_8_11
1336,Шоколад с ягодами,10_8_13
1337,Шоколад сливочный,10_8_8
1338,Шоколадная паста,10_8_14
1339,Конфеты Помадные,10_9_1
1340,Конфеты шоколадные,10_9_4
1341,Зерна и орехи в меду или сахаре, в тч козинак,10_9_5
1342,Пралине с соевой мукой (раффинозы и стахиозы менее 0,3%),10_9_3
1343,Батончики протеиновые,10_9_7
1344,Батончики фруктовые,10_9_6
1345,Батончики шоколадные,10_9_8
1346,Конфеты Грильяжные,10_9_9
1347,Конфеты Желейные,10_9_10
1348,Конфеты Кремо-сбивные,10_9_11
1349,Конфеты Помадные глазированные шок,10_9_12
1350,Конфеты Сбивные,10_9_15
1351,Пралине,10_9_13
1352,Пралине со слоями вафель,10_9_14
1353,Конфеты Ассорти,10_9_16
1354,Жевательная конфета,10_3_2
1355,Мармелад фруктово-ягодный,10_5_2
1356,Пастила, глазированная шоколадом,10_6_2
1357,Халва ,10_7_1
1358,Халва тахинно-шоколадная,10_7_2
1359,Горячий шоколад,10_8_2
1360,Пралине с ржаной мукой,10_9_2
1361,Глазурь жировая,10_14_3
1362,Какаовелла,10_14_6
1363,Крахмал картофельный,10_14_7
1364,Крахмал кукурузный,10_14_8
1365,Мука из зародышей пшеницы,10_14_10
1366,Патока кукурузная,10_14_11
1367,Пектин,10_14_12
1368,Повидло или варенье морковное,10_14_13
1369,Подварка апельсиновая,10_14_14
1370,Подварка морковная,10_14_15
1371,Подварка кабачковая,10_14_16
1372,Подварка свекольная,10_14_17
1373,Фосфатидный концентрат соевый,10_14_20
1374,Цукаты морковные,10_14_22
1375,Шикозин,10_14_23
1376,Десерт с заварным кремом,10_12_3
1377,Десерт разный ,10_12_4
1378,Стевия,10_13_2
1379,Аспартам,10_13_3
1380,Ирис тираженный с орехом,10_4_2
1381,Напиток Апельсиновый сокосодержащий,11_3_1
1382,Сок свежевыжатый, фреш,11_1_26
1383,Сок Абрикосовый ,11_1_1
1384,Сок Ананасовый ,11_1_3
1385,Сок Апельсиновый ,11_1_4
1386,Сок Виноградный ,11_1_5
1387,Сок Вишневый ,11_1_7
1388,Сок Гранатовый ,11_1_8
1389,Сок Грейпфрутовый ,11_1_9
1390,Сок Грушевый,11_1_18
1391,Сок Лимонный ,11_1_10
1392,Сок Персиковый ,11_1_12
1393,Сок фруктовый ассорти,11_1_17
1394,Сок Черноплодной Рябины,11_1_15
1395,Сок Шиповника,11_1_16
1396,Сок Яблоко-Вишня,11_1_6
1397,Сок Яблочно-Морковный,11_1_25
1398,Сок Яблочно-виноградный,11_1_20
1399,Сок Яблочно-грушевый,11_1_19
1400,Сок Яблочный ,11_1_21
1401,Кофе на молоке,11_9_3
1402,Напиток На  эссенциях  («Кока-кола»,  «Пепси-кола»,  «Байкал»  и  др.) ,11_12_3
1403,Напиток На  эссенциях  («Кока-кола»,  «Пепси-кола»,  «Байкал» без сах,11_12_4
1404,Напиток На плодово- ягодных настоях ,11_12_2
1405,Напиток На цитрусовых настоях ,11_12_1
1406,Напиток сокосодержащий,11_3_4
1407,Пиво безалкогольное,11_12_6
1408,Сухие смеси для приготовления напитков,11_13_1
1409,Энергетичекий напиток безалкогольный,11_12_5
1410,Напитки порционные,11_3_5
1411,Сок Морковный ,11_2_2
1412,Сок Овощной ассорти,11_2_1
1413,Сок Томатный ,11_2_4
1414,Сок-пюре из фруктов (смузи),11_1_23
1415,Компот вишневый,11_4_4
1416,Компот из груш,11_4_5
1417,Компот из абрикосов,11_4_2
1418,Компот из ананасов,11_4_6
1419,Компот из ежевики,11_4_7
1420,Компот из черной смородины,11_4_10
1421,Компот из персиков,11_4_12
1422,Компот из сухофруктов,11_4_1
1423,Компот из фруктов и ягод,11_4_9
1424,Компот из ягод,11_4_8
1425,Компот из яблок,11_4_14
1426,Кисель из вишневого сока,11_5_2
1427,Кисель из клюквы,11_5_3
1428,Кисель из фруктов и ягод,11_5_1
1429,Кисель сухой,11_5_4
1430,Напитки из растительного сырья,11_5_5
1431,Напиток овсяный,11_5_6
1432,Квас Хлебный ,11_6_1
1433,Цикорий,11_10_5
1434,Чай без сахара,11_7_3
1435,Чай зеленый байховый ,11_8_4
1436,Чай зеленый листовой,11_8_3
1437,Чай на травах без сахара,11_7_4
1438,Чай с лимоном,11_7_5
1439,Чай с молоком,11_7_6
1440,Чай с сахаром,11_7_2
1441,Чай травяной для заваривания,11_8_5
1442,Чай холодный (напиток чайный с сах),11_7_1
1443,Чай черный байховый,11_8_1
1444,Чай черный листовой,11_8_2
1445,Кофе жареный в зернах ,11_10_4
1446,Кофе молотый,11_10_3
1447,Кофе растворимый,11_10_1
1448,Кофе растворимый с сухим молоком и сахаром ,11_10_2
1449,Кофе черный (без сахара),11_9_2
1450,Кофе черный (с сахаром) ,11_9_1
1451,Вода без газа,11_11_3
1452,Вода газированная,11_11_2
1453,Пиво светлое, с долей сухих в-в в исходном сусле ,11_14_1
1454,Пиво светлое, с долей сухих в-в в исходном сусле 20% ,11_14_2
1455,Пиво темное, с долей сухих в-в в исходном сусле ,11_14_3
1456,Медовуха,11_14_5
1457,Пиво темное, с долей сухих в-в в исходном сусле 20% ,11_14_4
1458,Сидр,11_14_6
1459,Вина ликерные ,11_15_9
1460,Вина полусладкие белые и красные (в т.ч. шампанское) ,11_15_3
1461,Вина полусухие белые и красные (в т.ч. шампанское) ,11_15_2
1462,Вина сухие белые и красные (в т.ч. шампанское) ,11_15_1
1463,Вина десертные ,11_15_8
1464,Вина полудесертные ,11_15_6
1465,Вина сладкие белые и красные (в т.ч. шампанское) ,11_15_4
1466,Коктейли алкогольные,11_15_7
1467,Настойка  крепкая,11_16_1
1468,Настойка  сладкая,11_16_2
1469,Настойка горькая ,11_16_3
1470,Ликер ,11_17_2
1471,Напиток винный с коньяком или спиртом,11_17_3
1472,Виски,11_19_1
1473,Коньяк, бренди, ром,11_18_1
1474,Водка ,11_21_1
1475,Джин, текила,11_20_1
1476,Сок Айвовый ,11_1_2
1477,Сок Мандариновый ,11_1_11
1478,Сок Сливовый ,11_1_13
1479,Сок Черносмородиновый ,11_1_14
1480,Сок Яблочно-Абрикосовый,11_1_24
1481,Сок Свекольный ,11_2_3
1482,Напиток Клюквенный,11_3_2
1483,Напиток Яблочный,11_3_3
1484,Компот из айвы,11_4_3
1485,Компот из черешни,11_4_13
1486,Минеральная вода,11_11_1
1487,Сухие концентраты из плодов и ягод,11_13_2
1488,Вина крепкие ,11_15_5
1489,Наливка,11_17_1
1490,Порошок  горчичный ,12_3_1
1491,Альгинат,12_3_11
1492,Уксус винный (3%) ,12_3_6
1493,Дрожжи  прессованные  (эргостерин) ,12_3_3
1494,Желатин ,12_3_10
1495,Разрыхлитель для теста,12_3_12
1496,Соль  поваренная  пищевая ,12_3_4
1497,Тузлук,12_3_5
1498,Уксус эссенция,12_3_8
1499,Уксус яблочный,12_3_7
1500,Аджика острая,12_2_28
1501,Ванилин,12_3_13
1502,Ванильный сахар,12_3_14
1503,Гвоздика сушен. молотая,12_1_12
1504,Горчица столовая,12_2_23
1505,Зира, приправа,12_1_17
1506,Имбирь сушен. Молотый,12_1_13
1507,Кетчуп томатный ,12_2_14
1508,Кориандр, приправа,12_1_15
1509,Корица, приправа,12_1_16
1510,Куркума  сушен. молотая,12_1_11
1511,Лавровый лист,12_1_10
1512,Лимонная кислота,12_3_9
1513,Лук сушенный,12_1_18
1514,Маринад  овощной  без  томата,12_2_22
1515,Мускатный орех молотый,12_1_14
1516,Остро-кислая паста с растительными жирами Том-ям,12_3_15
1517,Паприка сухая молотая,12_1_9
1518,Паста с растительными жирами ,12_3_16
1519,Перец белый,12_1_5
1520,Перец душистый,12_1_4
1521,Перец красный молотый,12_1_1
1522,Перец черный горошек,12_1_3
1523,Перец черный молотый,12_1_2
1524,Приправа сухая (смесь перцев и соли),12_1_6
1525,Приправа сухая (смесь перцев),12_1_7
1526,Приправа сухая (смесь трав и специй),12_1_8
1527,Соус  грибной,12_2_3
1528,Соус  из фруктов и ягод,12_2_11
1529,Соус  клюквенный ,12_2_12
1530,Соус  красный  основной,12_2_1
1531,Соус  майонез  со  сметаной,12_2_6
1532,Соус  овощной,12_2_13
1533,Соус  с  хреном,12_2_19
1534,Соус  томатный острый,12_2_15
1535,Соус  томатный,12_2_17
1536,Соус белый основной,12_2_2
1537,Соус другой нераспознанный,12_2_26
1538,Соус луковый,12_2_5
1539,Соус молочный,12_2_7
1540,Соус рыбный, устричный и из др морепродуктов,12_2_20
1541,Соус сладкий с овощами,12_2_27
1542,Соус сметанный,12_2_10
1543,Соус соевый,12_2_25
1544,Соус сырный,12_2_9
1545,Соус чесночный,12_2_4
1546,Соус чили,12_2_16
1547,Топинг,12_2_24
1548,Заправка для салата,12_2_21
1549,Соус  польский,12_2_8
1550,Соус черносмородиновый,12_2_18
1551,Мак ,12_3_2
1552,Пицца ассорти,13_2_1
1553,Пицца с грибами,13_2_2
1554,Пицца с морепродуктами,13_2_3
1555,Пицца с мясом или колбасой,13_2_4
1556,Пицца с сыром и томатами,13_2_5
1557,Гамбургер,13_1_1
1558,Жевательная резинка,13_5_7
1559,Кальмар соленый сушенный,13_5_4
1560,Картофель фри,13_5_1
1561,Лапша быстрого приготовления с сублимированным мясом и овощами,13_4_1
1562,Наггетсы и стрипсы куриные,13_5_3
1563,Сладкие снэки,13_5_6
1564,Смесь сухая для приготовления супа с бульоном,13_4_3
1565,Снэки,13_5_5
1566,Филе-о-фиш,13_1_3
1567,Хот-дог (сосиска в хлебе),13_1_4
1568,Чизбургер,13_1_2
1569,Чипсы картофельные,13_3_1
1570,Чипсы кукурузные,13_3_2
1571,Ролл с мясом, шаурма,13_5_2
1572,Бульонные кубики и сублимированный бульон,13_4_4
1573,Пюре быстрого приготовления с сублимированным мясом и овощами,13_4_2
1574,Чипсы ассорти,13_3_3
1575,Корм для других животных,14_1_3
1576,Корм для кошек,14_1_1
1577,Корм для собак,14_1_2
1578,Молочные  продукты для дет питания,15_1_7
1579,Молочные смеси сухие для дет питания,15_1_6
1580,Мясные консервы для дет питания,15_1_1
1581,Овощные консервы для дет питания,15_1_2
1582,Фруктовые консервы для дет питания,15_1_5
1583,Рыбные консервы для дет питания,15_1_4
1584,Печенье детское,15_1_8
1585,Каши для дет питания,15_1_3
1586,Несъедобное,16_1_1
